active_mechanisms,balanced_depth,balanced_equiv,balanced_geom,balanced_identity,balanced_inv,balanced_kl,balanced_moment,balanced_node,balanced_proj,balanced_recon,balanced_scale,balanced_spectral,balanced_total,balanced_vq,coarse_effective_code_fraction,depth,depth_mean,edge_entropy,effective_rank,equiv,evidence_status,feature_effective_rank,fine_effective_code_fraction,geom,graph_energy,heldout_probe_accuracy,heldout_structural_probe_accuracy,identity,initialization,inv,kl,latent_cosine_mean,mode,moment,node,node_entropy,perplexity_coarse,perplexity_fine,probe_protocol,profile,proj,quantized_cosine_mean,quantizer_metrics_applicable,recon,retained_run,scale,seed,spectral,split_protocol,stack_alignment,stack_geodesic,struct_gate_mean,structural_effective_rank,structural_mse_mean,total,total_params,trainable_params,usage,view_gate_mean,vq
"{'projective': True, 'graph': True, 'quantizer': True, 'action': True}",-0.024777088314294815,0.6215764880180359,0.04684193432331085,-0.024880556389689445,0.05920448526740074,-0.010440567508339882,0.008541688323020935,0.13532517850399017,0.26815441250801086,0.34885531663894653,0.13158510625362396,0.3125360608100891,3.6604318618774414,1.7879095077514648,0.19334499537944794,0.012412965297698975,0.487587034702301,0.6930105090141296,4.037893772125244,0.764480471611023,development_only,1.8703314065933228,0.2945095896720886,0.704422116279602,1.0563429594039917,0.631578947368421,0.8947368421052632,0.010382989421486855,"{'sha256': 'eadea91c88ca5d33830cb7b9146bde4bc5ce85a87f721c1c9eb5d17fe4abe6c9', 'compatible_tensor_count': 182, 'source_tensor_count': 182, 'target_tensor_count': 182}",0.10232864320278168,0.5357638597488403,0.9978115558624268,base,0.662022054195404,1.5669188499450684,1.3799344301223755,1.5467599630355835,2.356076717376709,ridge fit on train features; scored once on test,research,1.4309487342834473,0.9020901918411255,True,0.35954800248146057,research/results/pilot_v2/runs/base/seed_401,0.7650489211082458,401,3.2904715538024902,70% train / 15% validation / 15% held-out test,0.352211058139801,0.49698877334594727,0.5028505325317383,4.037893772125244,0.21456703543663025,3.6604318618774414,54829,54829,0.3125,0.5065739154815674,1.8046646118164062
"{'projective': True, 'graph': True, 'quantizer': True, 'action': True}",-0.022844865918159485,0.2973121702671051,0.013257671147584915,-0.024720322340726852,-0.018715068697929382,0.01574726216495037,0.021947018802165985,0.15370401740074158,0.315026193857193,0.2302323430776596,0.042597897350788116,0.125450998544693,3.572469472885132,2.4234745502471924,0.1250000149011612,0.05255502462387085,0.5525550246238708,0.6926803588867188,3.02154541015625,0.3490816056728363,development_only,1.1927332878112793,0.1250000149011612,0.3783832788467407,1.0203948020935059,0.631578947368421,0.7368421052631579,0.01598917879164219,"{'sha256': 'a6fb702ec355f56f3fdb4ea8b35ae619519ad9537a28df607d3849c66472bf83', 'compatible_tensor_count': 182, 'source_tensor_count': 182, 'target_tensor_count': 182}",0.007009177468717098,3.1484973430633545,0.9964733123779297,base,0.9256947636604309,1.7471468448638916,1.3838164806365967,1.0000001192092896,1.0000001192092896,ridge fit on train features; scored once on test,research,1.659773349761963,1.0,True,0.24368040263652802,research/results/pilot_v2/runs/base/seed_503,0.3318294584751129,503,1.4708102941513062,70% train / 15% validation / 15% held-out test,0.18919163942337036,0.4732803702354431,0.5423381328582764,3.02154541015625,0.019381510093808174,3.572469472885132,54829,54829,0.125,0.5412966012954712,2.4573216438293457
"{'projective': True, 'graph': True, 'quantizer': True, 'action': True}",-0.025775868445634842,0.34274718165397644,0.07214617729187012,-0.0255878996104002,-0.004259830340743065,0.007294321432709694,0.023701254278421402,0.15447741746902466,0.23792877793312073,0.2776678502559662,0.06467175483703613,0.15901793539524078,3.7691972255706787,2.485167980194092,0.1250000149011612,0.003063023090362549,0.5030630230903625,0.6931449174880981,2.4870762825012207,0.4072485864162445,development_only,1.101874589920044,0.1250000149011612,0.9557319283485413,1.0440874099731445,0.21052631578947367,0.47368421052631576,0.0067225308157503605,"{'sha256': '1a776e1d4ea5df66ca10c2d2624340232329454289577512db65dae7480db78a', 'compatible_tensor_count': 182, 'source_tensor_count': 182, 'target_tensor_count': 182}",0.02572903037071228,2.4005343914031982,0.9975478649139404,base,0.967164933681488,1.757872223854065,1.377890706062317,1.0000001192092896,1.0000001192092896,ridge fit on train features; scored once on test,research,1.2854965925216675,0.9791291952133179,True,0.2905057966709137,research/results/pilot_v2/runs/base/seed_607,0.44156718254089355,607,1.798528790473938,70% train / 15% validation / 15% held-out test,0.47786596417427063,0.4351275563240051,0.53597092628479,2.4870762825012207,0.07767216861248016,3.7691972255706787,54829,54829,0.125,0.5292261242866516,2.5217297077178955
"{'projective': True, 'graph': True, 'quantizer': False, 'action': True}",-0.023058371618390083,0.6712530851364136,0.05946492403745651,-0.024184323847293854,0.23983478546142578,-0.017652712762355804,0.004416771233081818,0.14132466912269592,0.25673696398735046,0.25669533014297485,0.15968500077724457,0.3355157971382141,2.0600321292877197,0.0,,0.02905312180519104,0.47094687819480896,0.6930416226387024,4.134986877441406,0.8288100957870483,development_only,1.8315476179122925,,0.8197531700134277,1.0341001749038696,0.47368421052631576,0.6842105263157895,0.007056501228362322,"{'sha256': 'eadea91c88ca5d33830cb7b9146bde4bc5ce85a87f721c1c9eb5d17fe4abe6c9', 'compatible_tensor_count': 180, 'source_tensor_count': 182, 'target_tensor_count': 182}",0.32071852684020996,0.6145013570785522,0.9982085227966309,no_vq,0.5650574564933777,1.6183897256851196,1.3827334642410278,,,ridge fit on train features; scored once on test,research,1.3722310066223145,,False,0.2754998803138733,research/results/pilot_v2/runs/no_vq/seed_401,0.8989192843437195,401,3.508434772491455,70% train / 15% validation / 15% held-out test,0.40987658500671387,0.44484415650367737,0.4989454448223114,4.134986877441406,0.35291966795921326,2.0600321292877197,54717,54701,,0.5034531354904175,0.0
"{'projective': True, 'graph': True, 'quantizer': False, 'action': True}",-0.023235155269503593,0.32192403078079224,0.023782432079315186,-0.024334868416190147,-0.005733177065849304,0.005097152665257454,0.020694797858595848,0.1509254425764084,0.3011714220046997,0.2015407681465149,0.05239841714501381,0.12183408439159393,1.1460652351379395,0.0,,0.027698993682861328,0.5276989936828613,0.6929342150688171,3.4261696338653564,0.3819471597671509,development_only,1.1170791387557983,,0.4728900194168091,1.0185391902923584,0.631578947368421,0.7894736842105263,0.006210530176758766,"{'sha256': 'a6fb702ec355f56f3fdb4ea8b35ae619519ad9537a28df607d3849c66472bf83', 'compatible_tensor_count': 180, 'source_tensor_count': 182, 'target_tensor_count': 182}",0.024266963824629784,2.8480303287506104,0.9971225261688232,no_vq,0.8844993710517883,1.7128485441207886,1.3844795227050781,,,ridge fit on train features; scored once on test,research,1.589209794998169,,False,0.22255204617977142,research/results/pilot_v2/runs/no_vq/seed_503,0.37611645460128784,503,1.4314119815826416,70% train / 15% validation / 15% held-out test,0.23644500970840454,0.45993727445602417,0.5918854475021362,3.4261696338653564,0.0330791175365448,1.1460652351379395,54717,54701,,0.5886727571487427,0.0
"{'projective': True, 'graph': True, 'quantizer': False, 'action': True}",-0.024582017213106155,0.3031546175479889,0.03627647086977959,-0.02450067549943924,0.027734506875276566,0.004228904843330383,0.020538609474897385,0.15960492193698883,0.28374049067497253,0.19092409312725067,0.05192630738019943,0.11735916882753372,1.1464053392410278,0.0,,0.0018550753593444824,0.5018550753593445,0.6931451559066772,2.5721654891967773,0.35850104689598083,development_only,1.3152462244033813,,0.5947538614273071,1.0243786573410034,0.42105263157894735,0.42105263157894735,0.0034402848687022924,"{'sha256': '1a776e1d4ea5df66ca10c2d2624340232329454289577512db65dae7480db78a', 'compatible_tensor_count': 180, 'source_tensor_count': 182, 'target_tensor_count': 182}",0.06494947522878647,2.7260901927948,0.9997255206108093,no_vq,0.8819340467453003,1.7977815866470337,1.3766685724258423,,,ridge fit on train features; scored once on test,research,1.5043981075286865,,False,0.21103407442569733,research/results/pilot_v2/runs/no_vq/seed_607,0.3746158182621002,607,1.3831292390823364,70% train / 15% validation / 15% held-out test,0.29737693071365356,0.379802405834198,0.5412341356277466,2.5721654891967773,0.11166532337665558,1.1464053392410278,54717,54701,,0.534926176071167,0.0
"{'projective': False, 'graph': False, 'quantizer': False, 'action': False}",0.0,0.0,0.0,0.0,0.40849795937538147,-0.021095238626003265,-0.00016557425260543823,0.0,0.0,0.26523223519325256,0.0,0.0,0.6524693965911865,0.0,,0.0,0.0,0.0,4.443812370300293,0.0,development_only,2.3051764965057373,,0.0,0.16473743319511414,0.631578947368421,0.7368421052631579,0.0,"{'sha256': 'eadea91c88ca5d33830cb7b9146bde4bc5ce85a87f721c1c9eb5d17fe4abe6c9', 'compatible_tensor_count': 121, 'source_tensor_count': 182, 'target_tensor_count': 123}",0.5230382084846497,0.641268253326416,0.8118916749954224,no_structured,0.47653332352638245,2.0254926681518555,0.0,,,ridge fit on train features; scored once on test,research,0.0,,False,0.28575554490089417,research/results/pilot_v2/runs/no_structured/seed_401,0.8345142602920532,401,0.0,70% train / 15% validation / 15% held-out test,0.0,0.0,0.48937803506851196,4.443812370300293,0.5319851040840149,0.6524693965911865,50490,43149,,0.4911533296108246,0.0
"{'projective': False, 'graph': False, 'quantizer': False, 'action': False}",0.0,0.0,0.0,0.0,0.03722875565290451,-0.001353934407234192,0.017940429970622063,0.0,0.0,0.20077799260616302,0.0,0.0,0.25459325313568115,0.0,,0.0,0.0,0.0,2.7114217281341553,0.0,development_only,1.7515674829483032,,0.0,0.15838897228240967,0.7894736842105263,0.7368421052631579,0.0,"{'sha256': 'a6fb702ec355f56f3fdb4ea8b35ae619519ad9537a28df607d3849c66472bf83', 'compatible_tensor_count': 121, 'source_tensor_count': 182, 'target_tensor_count': 123}",0.07473286986351013,2.5721607208251953,0.9157910346984863,no_structured,0.8245511651039124,2.1812565326690674,0.0,,,ridge fit on train features; scored once on test,research,0.0,,False,0.22391967475414276,research/results/pilot_v2/runs/no_structured/seed_503,0.4724900722503662,503,0.0,70% train / 15% validation / 15% held-out test,0.0,0.0,0.556171715259552,2.7114217281341553,0.07733450084924698,0.25459325313568115,50490,43149,,0.5532072186470032,0.0
"{'projective': False, 'graph': False, 'quantizer': False, 'action': False}",0.0,0.0,0.0,0.0,0.062064073979854584,-0.0015629250556230545,0.018176410347223282,0.0,0.0,0.17592261731624603,0.0,0.0,0.2546001672744751,0.0,,0.0,0.0,0.0,2.948762893676758,0.0,development_only,1.8432122468948364,,0.0,0.2078380137681961,0.3157894736842105,0.5263157894736842,0.0,"{'sha256': '1a776e1d4ea5df66ca10c2d2624340232329454289577512db65dae7480db78a', 'compatible_tensor_count': 121, 'source_tensor_count': 182, 'target_tensor_count': 123}",0.10548512637615204,2.513458728790283,0.9333164095878601,no_structured,0.8297228813171387,2.2040209770202637,0.0,,,ridge fit on train features; scored once on test,research,0.0,,False,0.19898734986782074,research/results/pilot_v2/runs/no_structured/seed_607,0.3642897605895996,607,0.0,70% train / 15% validation / 15% held-out test,0.0,0.0,0.5220946073532104,2.948762893676758,0.12297164648771286,0.2546001672744751,50490,43149,,0.5196201801300049,0.0
