active_mechanisms,balanced_depth,balanced_equiv,balanced_geom,balanced_identity,balanced_inv,balanced_kl,balanced_moment,balanced_node,balanced_proj,balanced_recon,balanced_scale,balanced_spectral,balanced_total,balanced_vq,coarse_effective_code_fraction,depth,depth_mean,edge_entropy,effective_rank,equiv,evidence_status,feature_effective_rank,fine_effective_code_fraction,geom,graph_energy,heldout_probe_accuracy,heldout_structural_probe_accuracy,identity,initialization,inv,kl,latent_cosine_mean,mode,model_variant,moment,node,node_entropy,perplexity_coarse,perplexity_fine,probe_protocol,profile,proj,quantized_cosine_mean,quantizer_metrics_applicable,recon,retained_run,scale,seed,spectral,split_protocol,stack_alignment,stack_geodesic,struct_gate_mean,structural_effective_rank,structural_mse_mean,total,total_params,trainable_params,usage,view_gate_mean,vq
"{'projective': True, 'graph': True, 'quantizer': True, 'action': True}",0.0,0.0,0.0,0.0,0.0,-0.01081053912639618,0.0,0.0,0.0,0.14806167781352997,0.0,0.0,0.1372511386871338,0.0,0.20913229882717133,0.04741322994232178,0.5474132299423218,0.6930572986602783,1.6364154815673828,0.5952180624008179,development_only,1.5734648704528809,0.19334501028060913,0.2627093195915222,0.9912493824958801,0.42105263157894735,0.6842105263157895,0.0031324110459536314,"{'sha256': '9e7fddc28996d382028711bd861186150e31d9fe1d599276946f3e0810769ce5', 'compatible_tensor_count': 182, 'source_tensor_count': 182, 'target_tensor_count': 182}",0.19998030364513397,1.9214372634887695,0.9998151659965515,simple_objective,ripii,0.6919236183166504,1.7729744911193848,1.3855624198913574,1.6730583906173706,1.546760082244873,ridge fit on train features; scored once on test,research,1.7647548913955688,0.8003843426704407,True,0.17428462207317352,research/results/development/objective_study_v1/runs/simple_objective/seed_701,0.5523069500923157,701,1.7393757104873657,70% train / 15% validation / 15% held-out test,0.1313546597957611,0.27685797214508057,0.5449544787406921,1.6364154815673828,0.2313620150089264,0.1372511386871338,54829,54829,0.25,0.5400271415710449,2.0214791297912598
"{'projective': True, 'graph': True, 'quantizer': True, 'action': True}",0.0,0.0,0.0,0.0,0.0,-0.011603234335780144,0.0,0.0,0.0,0.12907518446445465,0.0,0.0,0.11747194826602936,0.0,0.3606826663017273,0.0546494722366333,0.5546494722366333,0.6922582387924194,2.4208312034606934,0.7765722274780273,development_only,1.301324486732483,0.4838672876358032,0.32160133123397827,1.0936903953552246,0.47368421052631576,0.631578947368421,0.00805441290140152,"{'sha256': 'd02540021f42e257cc62343426917bf56a6c633f91d381205fc4a58f58073ea4', 'compatible_tensor_count': 182, 'source_tensor_count': 182, 'target_tensor_count': 182}",0.9284637570381165,1.8679100275039673,0.9964730143547058,simple_objective,ripii,0.603611171245575,1.650585651397705,1.3823509216308594,2.8854613304138184,3.870938301086426,ridge fit on train features; scored once on test,research,1.7107136249542236,0.079079270362854,True,0.15576055645942688,research/results/development/objective_study_v1/runs/simple_objective/seed_809,0.6467300057411194,809,1.8994109630584717,70% train / 15% validation / 15% held-out test,0.16080066561698914,0.3764362931251526,0.5387563109397888,2.4208312034606934,0.4597121775150299,0.11747194826602936,54829,54829,0.5625,0.5411324501037598,1.3772079944610596
"{'projective': True, 'graph': True, 'quantizer': True, 'action': True}",0.0,0.0,0.0,0.0,0.0,-0.01919691078364849,0.0,0.0,0.0,0.15626004338264465,0.0,0.0,0.137063130736351,0.0,0.32487648725509644,0.049069762229919434,0.5490697622299194,0.6926965713500977,2.3117880821228027,0.6384884119033813,development_only,1.4700376987457275,0.37318873405456543,0.6779081225395203,1.0050588846206665,0.5789473684210527,0.7894736842105263,0.006919194012880325,"{'sha256': 'b7a2bb59ae1db1663bf7cce19ae7a3599442e0fe0961b2d0d559b6dbe21efa7b', 'compatible_tensor_count': 182, 'source_tensor_count': 182, 'target_tensor_count': 182}",0.550250768661499,1.0953539609909058,0.9938786029815674,simple_objective,ripii,0.5946968197822571,1.6421979665756226,1.367964744567871,2.5990118980407715,2.9855098724365234,ridge fit on train features; scored once on test,research,1.4556974172592163,0.4609795808792114,True,0.18198852241039276,research/results/development/objective_study_v1/runs/simple_objective/seed_907,0.6525781750679016,907,2.7541775703430176,70% train / 15% validation / 15% held-out test,0.33895406126976013,0.39516910910606384,0.5354112386703491,2.3117880821228027,0.36731359362602234,0.137063130736351,54829,54829,0.4375,0.5341892838478088,1.2493479251861572
"{'projective': True, 'graph': True, 'quantizer': True, 'action': True}",0.0,0.4298548698425293,0.0,0.0,0.0,-0.006800025701522827,0.0,0.0,0.0,0.15296781063079834,0.0,0.0,0.5760226249694824,0.0,0.19334499537944794,0.04712116718292236,0.5471211671829224,0.6930437684059143,1.7063175439834595,0.5205636620521545,development_only,1.6483113765716553,0.19334501028060913,0.30961310863494873,0.9910483956336975,0.47368421052631576,0.631578947368421,0.003348276484757662,"{'sha256': '9e7fddc28996d382028711bd861186150e31d9fe1d599276946f3e0810769ce5', 'compatible_tensor_count': 182, 'source_tensor_count': 182, 'target_tensor_count': 182}",0.14467060565948486,2.2747561931610107,0.999808669090271,simple_plus_equiv,ripii,0.702896237373352,1.7660568952560425,1.3855987787246704,1.5467599630355835,1.546760082244873,ridge fit on train features; scored once on test,research,1.722351312637329,0.8557073473930359,True,0.17885646224021912,research/results/development/objective_study_v1/runs/simple_plus_equiv/seed_701,0.5277139544487,701,1.4897323846817017,70% train / 15% validation / 15% held-out test,0.15480655431747437,0.28033047914505005,0.5405099391937256,1.7063175439834595,0.1887388676404953,0.5760226249694824,54829,54829,0.25,0.5373662710189819,1.876930594444275
"{'projective': True, 'graph': True, 'quantizer': True, 'action': True}",0.0,0.37776586413383484,0.0,0.0,0.0,0.008544046431779861,0.0,0.0,0.0,0.1393119990825653,0.0,0.0,0.5256218910217285,0.0,0.32097378373146057,0.0511096715927124,0.5511096715927124,0.6929211020469666,3.1992783546447754,0.4538259208202362,development_only,1.5079967975616455,0.21378661692142487,0.3386628031730652,1.093044638633728,0.5263157894736842,0.8421052631578947,0.004251333884894848,"{'sha256': 'd02540021f42e257cc62343426917bf56a6c633f91d381205fc4a58f58073ea4', 'compatible_tensor_count': 182, 'source_tensor_count': 182, 'target_tensor_count': 182}",0.5664349794387817,3.7837724685668945,0.9978936910629272,simple_plus_equiv,ripii,0.7193120718002319,1.74025297164917,1.3828144073486328,2.5677902698516846,1.710292935371399,ridge fit on train features; scored once on test,research,1.6926432847976685,0.43810832500457764,True,0.16548772156238556,research/results/development/objective_study_v1/runs/simple_plus_equiv/seed_809,0.44967252016067505,809,1.0313037633895874,70% train / 15% validation / 15% held-out test,0.1693314015865326,0.3852551579475403,0.5451021790504456,3.1992783546447754,0.3693044185638428,0.5256218910217285,54829,54829,0.4375,0.5419934391975403,1.4504727125167847
"{'projective': True, 'graph': True, 'quantizer': True, 'action': True}",0.0,0.29550331830978394,0.0,0.0,0.0,-0.011221986263990402,0.0,0.0,0.0,0.18636414408683777,0.0,0.0,0.4706454873085022,0.0,0.23321685194969177,0.07356762886047363,0.5735676288604736,0.692547619342804,1.8923959732055664,0.34912776947021484,development_only,1.422000527381897,0.2496538609266281,0.8254492282867432,1.005165934562683,0.47368421052631576,0.5263157894736842,0.0025427858345210552,"{'sha256': 'b7a2bb59ae1db1663bf7cce19ae7a3599442e0fe0961b2d0d559b6dbe21efa7b', 'compatible_tensor_count': 182, 'source_tensor_count': 182, 'target_tensor_count': 182}",0.4997076690196991,1.8272494077682495,0.9921755790710449,simple_plus_equiv,ripii,0.6730346083641052,1.6481926441192627,1.364759922027588,1.8657348155975342,1.997230887413025,ridge fit on train features; scored once on test,research,1.3582532405853271,0.5145575404167175,True,0.21089734137058258,research/results/development/objective_study_v1/runs/simple_plus_equiv/seed_907,0.4502466320991516,907,2.2940585613250732,70% train / 15% validation / 15% held-out test,0.4127246141433716,0.3951716423034668,0.5439008474349976,1.8923959732055664,0.28503119945526123,0.4706454873085022,54829,54829,0.25,0.539201557636261,1.578235387802124
"{'projective': True, 'graph': True, 'quantizer': True, 'action': True}",0.0,0.0,0.0,0.0,0.2539043128490448,0.0033922437578439713,0.0,0.0,0.0,0.21365156769752502,0.0,0.0,0.47094812989234924,0.0,0.2468901127576828,0.017383038997650146,0.5173830389976501,0.6931253671646118,2.0689280033111572,0.43534138798713684,development_only,1.532623529434204,0.1250000149011612,0.4096127152442932,1.0336627960205078,0.42105263157894735,0.7368421052631579,0.004409098066389561,"{'sha256': '9e7fddc28996d382028711bd861186150e31d9fe1d599276946f3e0810769ce5', 'compatible_tensor_count': 182, 'source_tensor_count': 182, 'target_tensor_count': 182}",0.34084731340408325,1.9288486242294312,0.9997667074203491,simple_plus_inv,ripii,0.8598765134811401,1.789860486984253,1.386092185974121,1.9751209020614624,1.0000001192092896,ridge fit on train features; scored once on test,research,1.6396164894104004,0.6596333384513855,True,0.2270803451538086,research/results/development/objective_study_v1/runs/simple_plus_inv/seed_701,0.4111011028289795,701,1.310954213142395,70% train / 15% validation / 15% held-out test,0.2048063576221466,0.3988415598869324,0.5308203101158142,2.0689280033111572,0.0552346408367157,0.47094812989234924,54829,54829,0.1875,0.528994083404541,2.2525832653045654
"{'projective': True, 'graph': True, 'quantizer': True, 'action': True}",0.0,0.0,0.0,0.0,0.08600064367055893,0.005606438033282757,0.0,0.0,0.0,0.23541390895843506,0.0,0.0,0.3270210027694702,0.0,0.23541580140590668,0.003800630569458008,0.503800630569458,0.6918520331382751,3.4708142280578613,0.707359790802002,development_only,1.244990348815918,0.1250000149011612,0.7003635764122009,1.0609146356582642,0.3157894736842105,0.7368421052631579,0.013277466408908367,"{'sha256': 'd02540021f42e257cc62343426917bf56a6c633f91d381205fc4a58f58073ea4', 'compatible_tensor_count': 182, 'source_tensor_count': 182, 'target_tensor_count': 182}",0.13487063348293304,2.000354051589966,0.9931871294975281,simple_plus_inv,ripii,0.7572678327560425,1.6931129693984985,1.3836098909378052,1.8833264112472534,1.0000001192092896,ridge fit on train features; scored once on test,research,1.4328866004943848,0.8792024850845337,True,0.24680280685424805,research/results/development/objective_study_v1/runs/simple_plus_inv/seed_809,0.6558303236961365,809,2.385248899459839,70% train / 15% validation / 15% held-out test,0.35018178820610046,0.4042840003967285,0.5414128303527832,3.4708142280578613,0.27683404088020325,0.3270210027694702,54829,54829,0.25,0.5414789915084839,2.1512348651885986
"{'projective': True, 'graph': True, 'quantizer': True, 'action': True}",0.0,0.0,0.0,0.0,0.08586535602807999,-0.002099127508699894,0.0,0.0,0.0,0.3457891047000885,0.0,0.0,0.42955532670021057,0.0,0.1250000149011612,0.04466712474822998,0.54466712474823,0.6929221749305725,3.211050033569336,0.4141598343849182,development_only,1.5264432430267334,0.21378660202026367,0.9497737288475037,0.9658207297325134,0.5789473684210527,0.631578947368421,0.007077695336192846,"{'sha256': 'b7a2bb59ae1db1663bf7cce19ae7a3599442e0fe0961b2d0d559b6dbe21efa7b', 'compatible_tensor_count': 182, 'source_tensor_count': 182, 'target_tensor_count': 182}",0.1347358673810959,1.3100900650024414,0.9944075345993042,simple_plus_inv,ripii,0.8307785391807556,1.5984359979629517,1.372939109802246,1.0000001192092896,1.7102928161621094,ridge fit on train features; scored once on test,research,1.2853717803955078,0.8752365112304688,True,0.3560184836387634,research/results/development/objective_study_v1/runs/simple_plus_inv/seed_907,0.4754984676837921,907,2.115941047668457,70% train / 15% validation / 15% held-out test,0.47488686442375183,0.49594584107398987,0.5498504638671875,3.211050033569336,0.05061649531126022,0.42955532670021057,54829,54829,0.25,0.5456225872039795,1.9680633544921875
"{'projective': True, 'graph': True, 'quantizer': True, 'action': True}",0.0,0.0,0.0,0.0,0.0,-0.005310237407684326,0.0,0.0,0.0,0.15056338906288147,0.07552788406610489,0.0,0.22078102827072144,0.0,0.20913229882717133,0.025109827518463135,0.5251098275184631,0.6930357813835144,1.582660436630249,0.538414478302002,development_only,1.5344957113265991,0.19334501028060913,0.24953842163085938,0.9904283285140991,0.5263157894736842,0.6842105263157895,0.0031436835415661335,"{'sha256': '9e7fddc28996d382028711bd861186150e31d9fe1d599276946f3e0810769ce5', 'compatible_tensor_count': 182, 'source_tensor_count': 182, 'target_tensor_count': 182}",0.182346373796463,2.4162752628326416,0.9997706413269043,simple_plus_scale,ripii,0.7031323313713074,1.7678033113479614,1.3856377601623535,1.6730583906173706,1.546760082244873,ridge fit on train features; scored once on test,research,1.7748017311096191,0.8181052803993225,True,0.1765114665031433,research/results/development/objective_study_v1/runs/simple_plus_scale/seed_701,0.48883262276649475,701,1.4803208112716675,70% train / 15% validation / 15% held-out test,0.12476921081542969,0.3020816743373871,0.544083297252655,1.582660436630249,0.1974608451128006,0.22078102827072144,54829,54829,0.25,0.5395487546920776,1.986755609512329
"{'projective': True, 'graph': True, 'quantizer': True, 'action': True}",0.0,0.0,0.0,0.0,0.0,0.0007058382034301758,0.0,0.0,0.0,0.13409240543842316,0.07037627696990967,0.0,0.205174520611763,0.0,0.23541580140590668,0.005175411701202393,0.4948245882987976,0.6927230954170227,2.757876396179199,0.5750234723091125,development_only,1.4831528663635254,0.34946656227111816,0.22028571367263794,1.0928606986999512,0.42105263157894735,0.7368421052631579,0.008936368860304356,"{'sha256': 'd02540021f42e257cc62343426917bf56a6c633f91d381205fc4a58f58073ea4', 'compatible_tensor_count': 182, 'source_tensor_count': 182, 'target_tensor_count': 182}",0.700279176235199,3.0255789756774902,0.9980236887931824,simple_plus_scale,ripii,0.7056584358215332,1.7144776582717896,1.3826984167099,1.8833264112472534,2.7957324981689453,ridge fit on train features; scored once on test,research,1.7945950031280518,0.30402982234954834,True,0.16044023633003235,research/results/development/objective_study_v1/runs/simple_plus_scale/seed_809,0.463727205991745,809,1.2282832860946655,70% train / 15% validation / 15% held-out test,0.11014285683631897,0.4011513590812683,0.5436745882034302,2.757876396179199,0.3491397798061371,0.205174520611763,54829,54829,0.4375,0.5426458120346069,1.4704828262329102
"{'projective': True, 'graph': True, 'quantizer': True, 'action': True}",0.0,0.0,0.0,0.0,0.0,-0.01566988229751587,0.0,0.0,0.0,0.17534111440181732,0.08163734525442123,0.0,0.2413085699081421,0.0,0.22243790328502655,0.021508216857910156,0.5215082168579102,0.6926722526550293,2.048703670501709,0.516450047492981,development_only,1.4787592887878418,0.2807653546333313,0.6602569222450256,1.0053071975708008,0.5263157894736842,0.6842105263157895,0.0067895385436713696,"{'sha256': 'b7a2bb59ae1db1663bf7cce19ae7a3599442e0fe0961b2d0d559b6dbe21efa7b', 'compatible_tensor_count': 182, 'source_tensor_count': 182, 'target_tensor_count': 182}",0.44908326864242554,1.400896430015564,0.9918083548545837,simple_plus_scale,ripii,0.6281312108039856,1.619707465171814,1.3664031028747559,1.7795032262802124,2.2461228370666504,ridge fit on train features; scored once on test,research,1.4601496458053589,0.5658087730407715,True,0.20025581121444702,research/results/development/objective_study_v1/runs/simple_plus_scale/seed_907,0.5184788107872009,907,2.4656381607055664,70% train / 15% validation / 15% held-out test,0.3301284611225128,0.39913299679756165,0.5405505895614624,2.048703670501709,0.3182133734226227,0.2413085699081421,54829,54829,0.3125,0.5377246737480164,1.4495835304260254
"{'projective': True, 'graph': True, 'quantizer': True, 'action': True}",0.0,0.0,0.0,0.0,0.0,-0.013100521638989449,0.0,0.0,0.27949726581573486,0.15345802903175354,0.0,0.0,0.4198547601699829,0.0,0.20913229882717133,0.038957953453063965,0.538957953453064,0.6930772662162781,1.708555817604065,0.611782968044281,development_only,1.5813746452331543,0.19334501028060913,0.6222456097602844,0.9925344586372375,0.47368421052631576,0.6842105263157895,0.0032065913546830416,"{'sha256': '9e7fddc28996d382028711bd861186150e31d9fe1d599276946f3e0810769ce5', 'compatible_tensor_count': 182, 'source_tensor_count': 182, 'target_tensor_count': 182}",0.21794505417346954,1.6514737606048584,0.9996821880340576,simple_plus_proj,ripii,0.6895148754119873,1.7444977760314941,1.3853425979614258,1.6730583906173706,1.546760082244873,ridge fit on train features; scored once on test,research,1.4829211235046387,0.7826845049858093,True,0.17924146354198456,research/results/development/objective_study_v1/runs/simple_plus_proj/seed_701,0.6041663289070129,701,2.006479263305664,70% train / 15% validation / 15% held-out test,0.3111228048801422,0.46622318029403687,0.547740638256073,1.708555817604065,0.2321845293045044,0.4198547601699829,54829,54829,0.25,0.542325496673584,2.0072274208068848
"{'projective': True, 'graph': True, 'quantizer': True, 'action': True}",0.0,0.0,0.0,0.0,0.0,-0.011429833248257637,0.0,0.0,0.24893730878829956,0.1328461766242981,0.0,0.0,0.370353639125824,0.0,0.3557726740837097,0.04147982597351074,0.5414798259735107,0.6919769644737244,2.3666224479675293,0.7925987839698792,development_only,1.3204753398895264,0.42416638135910034,0.861064076423645,1.0928279161453247,0.47368421052631576,0.6842105263157895,0.008624986745417118,"{'sha256': 'd02540021f42e257cc62343426917bf56a6c633f91d381205fc4a58f58073ea4', 'compatible_tensor_count': 182, 'source_tensor_count': 182, 'target_tensor_count': 182}",0.8884010314941406,1.8394793272018433,0.9953153729438782,simple_plus_proj,ripii,0.5972814559936523,1.6297727823257446,1.3817845582962036,2.8461813926696777,3.3933310508728027,ridge fit on train features; scored once on test,research,1.334397315979004,0.12140434980392456,True,0.15913885831832886,research/results/development/objective_study_v1/runs/simple_plus_proj/seed_809,0.7779263257980347,809,2.837035655975342,70% train / 15% validation / 15% held-out test,0.4305320382118225,0.4915580153465271,0.5385763049125671,2.3666224479675293,0.5104155540466309,0.370353639125824,54829,54829,0.4375,0.5409603714942932,1.5788676738739014
"{'projective': True, 'graph': True, 'quantizer': True, 'action': True}",0.0,0.0,0.0,0.0,0.0,-0.018894575536251068,0.0,0.0,0.23915214836597443,0.1724138706922531,0.0,0.0,0.3926714360713959,0.0,0.2893344759941101,0.04259490966796875,0.5425949096679688,0.6927475929260254,2.2832751274108887,0.6568565368652344,development_only,1.6165599822998047,0.37318873405456543,0.9750936627388,1.0055216550827026,0.5789473684210527,0.7894736842105263,0.0071143945679068565,"{'sha256': 'b7a2bb59ae1db1663bf7cce19ae7a3599442e0fe0961b2d0d559b6dbe21efa7b', 'compatible_tensor_count': 182, 'source_tensor_count': 182, 'target_tensor_count': 182}",0.5233151912689209,1.0739344358444214,0.9905784726142883,simple_plus_proj,ripii,0.5891367793083191,1.5901066064834595,1.3684786558151245,2.314675807952881,2.9855098724365234,ridge fit on train features; scored once on test,research,1.2860660552978516,0.4939558506011963,True,0.19731250405311584,research/results/development/objective_study_v1/runs/simple_plus_proj/seed_907,0.6777137517929077,907,3.5225636959075928,70% train / 15% validation / 15% held-out test,0.4875468313694,0.5382026433944702,0.538109302520752,2.2832751274108887,0.3500293791294098,0.3926714360713959,54829,54829,0.4375,0.5363736748695374,1.3323758840560913
"{'projective': True, 'graph': True, 'quantizer': True, 'action': True}",0.0,0.0,0.0,0.0,0.0,-0.01324447151273489,0.0,0.0,0.0,0.16763082146644592,0.0,0.10225895047187805,0.2566452920436859,0.0,0.19334499537944794,0.028280973434448242,0.5282809734344482,0.6930753588676453,1.9198943376541138,0.5865287184715271,development_only,1.7493886947631836,0.17500413954257965,0.32898008823394775,0.9866945147514343,0.5263157894736842,0.631578947368421,0.0028106800746172667,"{'sha256': '9e7fddc28996d382028711bd861186150e31d9fe1d599276946f3e0810769ce5', 'compatible_tensor_count': 182, 'source_tensor_count': 182, 'target_tensor_count': 182}",0.1622878611087799,1.319270372390747,0.9998489022254944,simple_plus_spectral,ripii,0.7740324139595032,1.828535795211792,1.3852914571762085,1.5467599630355835,1.4000331163406372,ridge fit on train features; scored once on test,research,1.7034423351287842,0.8380076885223389,True,0.19100995361804962,research/results/development/objective_study_v1/runs/simple_plus_spectral/seed_701,0.5206629037857056,701,1.2370976209640503,70% train / 15% validation / 15% held-out test,0.16449004411697388,0.33646026253700256,0.5453360676765442,1.9198943376541138,0.12742666900157928,0.2566452920436859,54829,54829,0.25,0.5401950478553772,1.8108134269714355
"{'projective': True, 'graph': True, 'quantizer': True, 'action': True}",0.0,0.0,0.0,0.0,0.0,-0.010402562096714973,0.0,0.0,0.0,0.1578758955001831,0.0,0.21377918124198914,0.3612525165081024,0.0,0.4004858136177063,0.006566226482391357,0.49343377351760864,0.6929814219474792,2.5351364612579346,0.6505126357078552,development_only,1.2368344068527222,0.4302501678466797,0.6743756532669067,1.0688556432724,0.47368421052631576,0.631578947368421,0.009466386400163174,"{'sha256': 'd02540021f42e257cc62343426917bf56a6c633f91d381205fc4a58f58073ea4', 'compatible_tensor_count': 182, 'source_tensor_count': 182, 'target_tensor_count': 182}",0.7091607451438904,1.5824053287506104,0.9977050423622131,simple_plus_spectral,ripii,0.764361560344696,1.7034045457839966,1.3831888437271118,3.2038865089416504,3.4420013427734375,ridge fit on train features; scored once on test,research,1.4551355838775635,0.29576826095581055,True,0.18097223341464996,research/results/development/objective_study_v1/runs/simple_plus_spectral/seed_809,0.6737368702888489,809,2.322904348373413,70% train / 15% validation / 15% held-out test,0.33718782663345337,0.36294224858283997,0.5426971316337585,2.5351364612579346,0.272518515586853,0.3612525165081024,54829,54829,0.5625,0.5412430167198181,1.4998490810394287
"{'projective': True, 'graph': True, 'quantizer': True, 'action': True}",0.0,0.0,0.0,0.0,0.0,-0.019159622490406036,0.0,0.0,0.0,0.2133883386850357,0.0,0.25442758202552795,0.4486563205718994,0.0,0.22243790328502655,0.0386204719543457,0.5386204719543457,0.6928116679191589,2.1807987689971924,0.6253384351730347,development_only,1.3993202447891235,0.24139241874217987,0.7473308444023132,0.9959656596183777,0.42105263157894735,0.42105263157894735,0.005892557557672262,"{'sha256': 'b7a2bb59ae1db1663bf7cce19ae7a3599442e0fe0961b2d0d559b6dbe21efa7b', 'compatible_tensor_count': 182, 'source_tensor_count': 182, 'target_tensor_count': 182}",0.4839535057544708,0.7222859263420105,0.9888696074485779,simple_plus_spectral,ripii,0.6594621539115906,1.6056324243545532,1.369914174079895,1.7795032262802124,1.931139349937439,ridge fit on train features; scored once on test,research,1.4026023149490356,0.5368126630783081,True,0.23481817543506622,research/results/development/objective_study_v1/runs/simple_plus_spectral/seed_907,0.6317322850227356,907,2.721390962600708,70% train / 15% validation / 15% held-out test,0.3736654222011566,0.4246363639831543,0.5395720601081848,2.1807987689971924,0.27781084179878235,0.4486563205718994,54829,54829,0.25,0.5357558727264404,1.5988376140594482
"{'projective': True, 'graph': True, 'quantizer': True, 'action': True}",0.0,0.0,-0.0038866549730300903,0.0,0.0,-0.007311087101697922,0.0,0.0,0.0,0.1501995325088501,0.0,0.0,0.1390017867088318,0.0,0.20913229882717133,0.05087733268737793,0.5508773326873779,0.6930465698242188,1.5622230768203735,0.5698314905166626,development_only,1.4872848987579346,0.19334501028060913,0.20205849409103394,0.9887204170227051,0.42105263157894735,0.6842105263157895,0.003036201698705554,"{'sha256': '9e7fddc28996d382028711bd861186150e31d9fe1d599276946f3e0810769ce5', 'compatible_tensor_count': 182, 'source_tensor_count': 182, 'target_tensor_count': 182}",0.19998475909233093,2.1884067058563232,0.9998123645782471,simple_plus_geom,ripii,0.7077539563179016,1.780501365661621,1.3855640888214111,1.6730583906173706,1.546760082244873,ridge fit on train features; scored once on test,research,1.8169158697128296,0.8003843426704407,True,0.1760191023349762,research/results/development/objective_study_v1/runs/simple_plus_geom/seed_701,0.5226810574531555,701,1.6102690696716309,70% train / 15% validation / 15% held-out test,0.10102924704551697,0.22445306181907654,0.5450367331504822,1.5622230768203735,0.207433819770813,0.1390017867088318,54829,54829,0.25,0.5399215221405029,1.9961819648742676
"{'projective': True, 'graph': True, 'quantizer': True, 'action': True}",0.0,0.0,-0.004410989582538605,0.0,0.0,-0.008200876414775848,0.0,0.0,0.0,0.13027453422546387,0.0,0.0,0.11766267567873001,0.0,0.4241664707660675,0.05396389961242676,0.5539638996124268,0.6926538348197937,2.314619779586792,0.7294722199440002,development_only,1.4623563289642334,0.5063530206680298,0.1975269317626953,1.0908054113388062,0.631578947368421,0.631578947368421,0.007691184990108013,"{'sha256': 'd02540021f42e257cc62343426917bf56a6c633f91d381205fc4a58f58073ea4', 'compatible_tensor_count': 182, 'source_tensor_count': 182, 'target_tensor_count': 182}",0.892446756362915,2.1316897869110107,0.9958606362342834,simple_plus_geom,ripii,0.6422401070594788,1.650598168373108,1.3825629949569702,3.39333176612854,4.050824165344238,ridge fit on train features; scored once on test,research,1.816590666770935,0.11646026372909546,True,0.1565639078617096,research/results/development/objective_study_v1/runs/simple_plus_geom/seed_809,0.5991889238357544,809,1.7992863655090332,70% train / 15% validation / 15% held-out test,0.09876346588134766,0.3103199005126953,0.5393919944763184,2.314619779586792,0.38803061842918396,0.11766267567873001,54829,54829,0.5625,0.5407333970069885,1.3243050575256348
"{'projective': True, 'graph': True, 'quantizer': True, 'action': True}",0.0,0.0,0.026480060070753098,0.0,0.0,-0.018189985305070877,0.0,0.0,0.0,0.15820004045963287,0.0,0.0,0.1664901226758957,0.0,0.37318873405456543,0.052763938903808594,0.5527639389038086,0.6926361918449402,2.4240944385528564,0.6066928505897522,development_only,1.323087215423584,0.3606826663017273,0.4980468153953552,1.001909852027893,0.5789473684210527,0.6842105263157895,0.006688525900244713,"{'sha256': 'b7a2bb59ae1db1663bf7cce19ae7a3599442e0fe0961b2d0d559b6dbe21efa7b', 'compatible_tensor_count': 182, 'source_tensor_count': 182, 'target_tensor_count': 182}",0.5880393385887146,1.1173481941223145,0.9930306673049927,simple_plus_geom,ripii,0.613231360912323,1.6423685550689697,1.366903305053711,2.9855098724365234,2.8854613304138184,ridge fit on train features; scored once on test,research,1.5798323154449463,0.42457151412963867,True,0.1834060102701187,research/results/development/objective_study_v1/runs/simple_plus_geom/seed_907,0.6097273826599121,907,2.190646171569824,70% train / 15% validation / 15% held-out test,0.2490234076976776,0.3104575276374817,0.534532368183136,2.4240944385528564,0.3514659106731415,0.1664901226758957,54829,54829,0.5,0.5333113670349121,1.1424791812896729
"{'projective': True, 'graph': True, 'quantizer': True, 'action': True}",0.0,0.0,0.0,0.0,0.0,-0.006656967103481293,0.0,0.0,0.0,0.15824782848358154,0.0,0.0,0.9316511154174805,0.7800602316856384,0.34946656227111816,0.05058377981185913,0.5505837798118591,0.6930561661720276,2.365669012069702,0.496925413608551,development_only,1.9187666177749634,0.23541580140590668,0.2839229106903076,0.9931502342224121,0.5789473684210527,0.6842105263157895,0.005278330296278,"{'sha256': '9e7fddc28996d382028711bd861186150e31d9fe1d599276946f3e0810769ce5', 'compatible_tensor_count': 182, 'source_tensor_count': 182, 'target_tensor_count': 182}",0.6892431378364563,2.2881884574890137,0.9997777342796326,simple_plus_vq,ripii,0.8071436285972595,1.7928292751312256,1.3855853080749512,2.7957324981689453,1.8833264112472534,ridge fit on train features; scored once on test,research,1.7452068328857422,0.3111999034881592,True,0.18399420380592346,research/results/development/objective_study_v1/runs/simple_plus_vq/seed_701,0.4532689154148102,701,1.5765750408172607,70% train / 15% validation / 15% held-out test,0.1419614553451538,0.29792386293411255,0.529704749584198,2.365669012069702,0.08090576529502869,0.9316511154174805,54829,54829,0.4375,0.5276379585266113,0.7803424596786499
"{'projective': True, 'graph': True, 'quantizer': True, 'action': True}",0.0,0.0,0.0,0.0,0.0,-0.010278971865773201,0.0,0.0,0.0,0.13625144958496094,0.0,0.0,0.6960284113883972,0.5700559616088867,0.34526848793029785,0.044840097427368164,0.5448400974273682,0.6921472549438477,3.3360612392425537,0.8375080823898315,development_only,1.2013720273971558,0.5414144396781921,0.4628664255142212,1.0876331329345703,0.631578947368421,0.7368421052631579,0.0031128739938139915,"{'sha256': 'd02540021f42e257cc62343426917bf56a6c633f91d381205fc4a58f58073ea4', 'compatible_tensor_count': 182, 'source_tensor_count': 182, 'target_tensor_count': 182}",0.8206961750984192,1.9168064594268799,0.992152750492096,simple_plus_vq,ripii,0.7701497077941895,1.5713305473327637,1.3815691471099854,2.762147903442383,4.331315517425537,ridge fit on train features; scored once on test,research,1.5977965593338013,0.1958383321762085,True,0.16225726902484894,research/results/development/objective_study_v1/runs/simple_plus_vq/seed_809,0.8233996629714966,809,2.0803163051605225,70% train / 15% validation / 15% held-out test,0.2314332127571106,0.3955915868282318,0.5212713479995728,3.3360612392425537,0.1416730433702469,0.6960284113883972,54829,54829,0.625,0.5249837636947632,0.5766077637672424
"{'projective': True, 'graph': True, 'quantizer': True, 'action': True}",0.0,0.0,0.0,0.0,0.0,-0.014940069057047367,0.0,0.0,0.0,0.1615375131368637,0.0,0.0,0.8638323545455933,0.7172349095344543,0.2936118245124817,0.05813568830490112,0.5581356883049011,0.6927282810211182,2.5099401473999023,0.49548256397247314,development_only,1.753759503364563,0.2856362462043762,0.629838764667511,1.0030097961425781,0.6842105263157895,0.7368421052631579,0.012391718104481697,"{'sha256': 'b7a2bb59ae1db1663bf7cce19ae7a3599442e0fe0961b2d0d559b6dbe21efa7b', 'compatible_tensor_count': 182, 'source_tensor_count': 182, 'target_tensor_count': 182}",0.34455999732017517,1.4635330438613892,0.9923673868179321,simple_plus_vq,ripii,0.7412464022636414,1.6386932134628296,1.3693536520004272,2.3488945960998535,2.2850899696350098,ridge fit on train features; scored once on test,research,1.4784824848175049,0.6692284345626831,True,0.18681614100933075,research/results/development/objective_study_v1/runs/simple_plus_vq/seed_907,0.5181695818901062,907,2.3202874660491943,70% train / 15% validation / 15% held-out test,0.3149193823337555,0.41456905007362366,0.5015535354614258,2.5099401473999023,0.18945743143558502,0.8638323545455933,54829,54829,0.5,0.5020583868026733,0.7181128859519958
"{'projective': True, 'graph': True, 'quantizer': True, 'action': True}",0.0,0.0,0.0,0.0,0.0,-0.011738168075680733,0.0,0.1423523873090744,0.0,0.1517912894487381,0.0,0.0,0.2824054956436157,0.0,0.20913229882717133,0.0411909818649292,0.5411909818649292,0.6928239464759827,1.6809369325637817,0.6069440245628357,development_only,1.5578429698944092,0.19334501028060913,0.2832881808280945,0.9919418692588806,0.6842105263157895,0.6842105263157895,0.0031396702397614717,"{'sha256': '9e7fddc28996d382028711bd861186150e31d9fe1d599276946f3e0810769ce5', 'compatible_tensor_count': 182, 'source_tensor_count': 182, 'target_tensor_count': 182}",0.23573799431324005,1.779798984527588,0.9996466636657715,simple_plus_node,ripii,0.6955040097236633,1.629233956336975,1.385617733001709,1.6730583906173706,1.546760082244873,ridge fit on train features; scored once on test,research,1.7477567195892334,0.7649636268615723,True,0.1776420921087265,research/results/development/objective_study_v1/runs/simple_plus_node/seed_701,0.5681321024894714,701,1.7949765920639038,70% train / 15% validation / 15% held-out test,0.14164409041404724,0.30065637826919556,0.5474151968955994,1.6809369325637817,0.23170912265777588,0.2824054956436157,54829,54829,0.25,0.5425702333450317,2.022787094116211
"{'projective': True, 'graph': True, 'quantizer': True, 'action': True}",0.0,0.0,0.0,0.0,0.0,-0.013301767408847809,0.0,0.13865159451961517,0.0,0.13271288573741913,0.0,0.0,0.2580627202987671,0.0,0.4860912561416626,0.04693174362182617,0.5469317436218262,0.692184567451477,2.4844911098480225,0.8177092671394348,development_only,1.4706453084945679,0.4838672876358032,0.3897494673728943,1.0913280248641968,0.5263157894736842,0.6842105263157895,0.007876026444137096,"{'sha256': 'd02540021f42e257cc62343426917bf56a6c633f91d381205fc4a58f58073ea4', 'compatible_tensor_count': 182, 'source_tensor_count': 182, 'target_tensor_count': 182}",0.8393166065216064,1.6543985605239868,0.9946619272232056,simple_plus_node,ripii,0.6224948763847351,1.5925421714782715,1.3830041885375977,3.888730049133301,3.870938301086426,ridge fit on train features; scored once on test,research,1.6552327871322632,0.17195594310760498,True,0.15899658203125,research/results/development/objective_study_v1/runs/simple_plus_node/seed_809,0.7116028070449829,809,2.1883962154388428,70% train / 15% validation / 15% held-out test,0.19487473368644714,0.37438520789146423,0.5373188853263855,2.4844911098480225,0.40575486421585083,0.2580627202987671,54829,54829,0.5625,0.5403832793235779,1.3587167263031006
"{'projective': True, 'graph': True, 'quantizer': True, 'action': True}",0.0,0.0,0.0,0.0,0.0,-0.018877919763326645,0.0,0.13633449375629425,0.0,0.16289162635803223,0.0,0.0,0.28034818172454834,0.0,0.294509619474411,0.046775102615356445,0.5467751026153564,0.6928703784942627,2.414066791534424,0.6796790361404419,development_only,1.6034780740737915,0.37318873405456543,0.7630627751350403,0.9997759461402893,0.6842105263157895,0.7368421052631579,0.006868770346045494,"{'sha256': 'b7a2bb59ae1db1663bf7cce19ae7a3599442e0fe0961b2d0d559b6dbe21efa7b', 'compatible_tensor_count': 182, 'source_tensor_count': 182, 'target_tensor_count': 182}",0.5541697144508362,1.0699585676193237,0.9917762279510498,simple_plus_node,ripii,0.5888662338256836,1.5690858364105225,1.3750114440917969,2.356076955795288,2.9855098724365234,ridge fit on train features; scored once on test,research,1.4049553871154785,0.46089065074920654,True,0.1880689114332199,research/results/development/objective_study_v1/runs/simple_plus_node/seed_907,0.7101415395736694,907,3.154919385910034,70% train / 15% validation / 15% held-out test,0.38153138756752014,0.39830008149147034,0.5347473621368408,2.414066791534424,0.3734988272190094,0.28034818172454834,54829,54829,0.4375,0.5333619117736816,1.2701810598373413
"{'projective': True, 'graph': True, 'quantizer': True, 'action': True}",0.0,0.0,0.0,0.0,0.0,-0.011218024417757988,0.008669756352901459,0.0,0.0,0.1496223360300064,0.0,0.0,0.14707405865192413,0.0,0.20913229882717133,0.045078277587890625,0.5450782775878906,0.6930565237998962,1.7832900285720825,0.6125252842903137,development_only,1.4862123727798462,0.19334501028060913,0.27151650190353394,0.9867929220199585,0.42105263157894735,0.6842105263157895,0.00297612720169127,"{'sha256': '9e7fddc28996d382028711bd861186150e31d9fe1d599276946f3e0810769ce5', 'compatible_tensor_count': 182, 'source_tensor_count': 182, 'target_tensor_count': 182}",0.23551833629608154,1.8230558633804321,0.9997546672821045,simple_plus_moment,ripii,0.6469464898109436,1.7640552520751953,1.3855829238891602,1.6730583906173706,1.546760082244873,ridge fit on train features; scored once on test,research,1.7578399181365967,0.7649636268615723,True,0.17550139129161835,research/results/development/objective_study_v1/runs/simple_plus_moment/seed_701,0.5712448358535767,701,1.7731877565383911,70% train / 15% validation / 15% held-out test,0.13575825095176697,0.28213638067245483,0.5366142392158508,1.7832900285720825,0.29984211921691895,0.14707405865192413,54829,54829,0.25,0.5324434041976929,2.1534714698791504
"{'projective': True, 'graph': True, 'quantizer': True, 'action': True}",0.0,0.0,0.0,0.0,0.0,-0.011280355975031853,0.0016515664756298065,0.0,0.0,0.13100019097328186,0.0,0.0,0.12137140333652496,0.0,0.30672022700309753,0.05384552478790283,0.5538455247879028,0.6922902464866638,2.715806007385254,0.8048154711723328,development_only,1.4240670204162598,0.42416638135910034,0.3447837829589844,1.0906659364700317,0.47368421052631576,0.5789473684210527,0.006477016489952803,"{'sha256': 'd02540021f42e257cc62343426917bf56a6c633f91d381205fc4a58f58073ea4', 'compatible_tensor_count': 182, 'source_tensor_count': 182, 'target_tensor_count': 182}",0.8607203960418701,1.8412202596664429,0.9961963295936584,simple_plus_moment,ripii,0.5112146735191345,1.644264578819275,1.3822274208068848,2.4537618160247803,3.3933310508728027,ridge fit on train features; scored once on test,research,1.693095326423645,0.14738893508911133,True,0.15729837119579315,research/results/development/objective_study_v1/runs/simple_plus_moment/seed_809,0.6757382750511169,809,1.9837417602539062,70% train / 15% validation / 15% held-out test,0.1723918914794922,0.37831026315689087,0.5362124443054199,2.715806007385254,0.7251212000846863,0.12137140333652496,54829,54829,0.5,0.5383739471435547,1.473900318145752
"{'projective': True, 'graph': True, 'quantizer': True, 'action': True}",0.0,0.0,0.0,0.0,0.0,-0.019146274775266647,0.003240186721086502,0.0,0.0,0.1605505347251892,0.0,0.0,0.14464443922042847,0.0,0.4491339921951294,0.04559826850891113,0.5455982685089111,0.692605197429657,2.5366363525390625,0.6555742025375366,development_only,1.4579672813415527,0.38072794675827026,0.694469153881073,1.0017896890640259,0.5789473684210527,0.7894736842105263,0.006212555803358555,"{'sha256': 'b7a2bb59ae1db1663bf7cce19ae7a3599442e0fe0961b2d0d559b6dbe21efa7b', 'compatible_tensor_count': 182, 'source_tensor_count': 182, 'target_tensor_count': 182}",0.7545842528343201,1.0336233377456665,0.9933992624282837,simple_plus_moment,ripii,0.5403028726577759,1.6415716409683228,1.3668491840362549,3.593071937561035,3.045823574066162,ridge fit on train features; scored once on test,research,1.44380784034729,0.25750815868377686,True,0.18573449552059174,research/results/development/objective_study_v1/runs/simple_plus_moment/seed_907,0.6601507663726807,907,2.9183428287506104,70% train / 15% validation / 15% held-out test,0.3472345769405365,0.39644184708595276,0.5383481383323669,2.5366363525390625,0.5008691549301147,0.14464443922042847,54829,54829,0.5625,0.5376352071762085,1.199327826499939
"{'projective': True, 'graph': True, 'quantizer': True, 'action': True}",0.0,0.0,0.0,-0.02434614673256874,0.0,-0.010511554777622223,0.0,0.0,0.0,0.14978645741939545,0.0,0.0,0.11492875963449478,0.0,0.20913229882717133,0.045824527740478516,0.5458245277404785,0.6930584907531738,1.6352914571762085,0.5929038524627686,development_only,1.5784393548965454,0.19334501028060913,0.2657119631767273,0.9895985126495361,0.42105263157894735,0.6842105263157895,0.0027270098216831684,"{'sha256': '9e7fddc28996d382028711bd861186150e31d9fe1d599276946f3e0810769ce5', 'compatible_tensor_count': 182, 'source_tensor_count': 182, 'target_tensor_count': 182}",0.19998197257518768,1.889851450920105,0.9998140931129456,simple_plus_identity,ripii,0.6974042057991028,1.776210904121399,1.3855431079864502,1.6730583906173706,1.546760082244873,ridge fit on train features; scored once on test,research,1.76192045211792,0.8003843426704407,True,0.1756555587053299,research/results/development/objective_study_v1/runs/simple_plus_identity/seed_701,0.5491451025009155,701,1.720862627029419,70% train / 15% validation / 15% held-out test,0.13285598158836365,0.2809986472129822,0.5449263453483582,1.6352914571762085,0.22222448885440826,0.11492875963449478,54829,54829,0.25,0.540026843547821,2.003018379211426
"{'projective': True, 'graph': True, 'quantizer': True, 'action': True}",0.0,0.0,0.0,-0.024239826947450638,0.0,-0.011201407760381699,0.0,0.0,0.0,0.13113248348236084,0.0,0.0,0.0956912487745285,0.0,0.3606826663017273,0.05237174034118652,0.5523717403411865,0.6923336982727051,2.4926202297210693,0.768014669418335,development_only,1.314928650856018,0.5063530206680298,0.33354222774505615,1.0912173986434937,0.47368421052631576,0.5789473684210527,0.006060953717678785,"{'sha256': 'd02540021f42e257cc62343426917bf56a6c633f91d381205fc4a58f58073ea4', 'compatible_tensor_count': 182, 'source_tensor_count': 182, 'target_tensor_count': 182}",0.9718674421310425,1.8477401733398438,0.9961721301078796,simple_plus_identity,ripii,0.6124289631843567,1.6493746042251587,1.3823670148849487,2.8854613304138184,4.050824165344238,ridge fit on train features; scored once on test,research,1.700705885887146,0.03628218173980713,True,0.15742088854312897,research/results/development/objective_study_v1/runs/simple_plus_identity/seed_809,0.6476932168006897,809,1.8913344144821167,70% train / 15% validation / 15% held-out test,0.16677111387252808,0.3783079981803894,0.5382813811302185,2.4926202297210693,0.4440266489982605,0.0956912487745285,54829,54829,0.5625,0.5406230092048645,1.3644715547561646
"{'projective': True, 'graph': True, 'quantizer': True, 'action': True}",0.0,0.0,0.0,-0.024145582690835,0.0,-0.018708623945713043,0.0,0.0,0.0,0.16078121960163116,0.0,0.0,0.11792700737714767,0.0,0.3208548426628113,0.04766249656677246,0.5476624965667725,0.6926681995391846,2.3193395137786865,0.6300200819969177,development_only,1.494748830795288,0.37318873405456543,0.6943296194076538,1.0024631023406982,0.5789473684210527,0.7368421052631579,0.005807547830045223,"{'sha256': 'b7a2bb59ae1db1663bf7cce19ae7a3599442e0fe0961b2d0d559b6dbe21efa7b', 'compatible_tensor_count': 182, 'source_tensor_count': 182, 'target_tensor_count': 182}",0.5644416809082031,1.073955774307251,0.9935768246650696,simple_plus_identity,ripii,0.5999455451965332,1.6415048837661743,1.3675928115844727,2.5668387413024902,2.9855098724365234,ridge fit on train features; scored once on test,research,1.4447510242462158,0.44730067253112793,True,0.18594631552696228,research/results/development/objective_study_v1/runs/simple_plus_identity/seed_907,0.6455934047698975,907,2.812497854232788,70% train / 15% validation / 15% held-out test,0.3471648097038269,0.3978422284126282,0.5353812575340271,2.3193395137786865,0.3570352792739868,0.11792700737714767,54829,54829,0.4375,0.5340754985809326,1.2484235763549805
"{'projective': True, 'graph': True, 'quantizer': True, 'action': True}",-0.023376625031232834,0.0,0.0,0.0,0.0,-0.010405544191598892,0.0,0.0,0.0,0.1500631868839264,0.0,0.0,0.11628101766109467,0.0,0.20913229882717133,0.021692395210266113,0.5216923952102661,0.6930544376373291,1.6369035243988037,0.5952160954475403,development_only,1.5827901363372803,0.19334501028060913,0.26732152700424194,0.989719569683075,0.42105263157894735,0.6842105263157895,0.0030883257277309895,"{'sha256': '9e7fddc28996d382028711bd861186150e31d9fe1d599276946f3e0810769ce5', 'compatible_tensor_count': 182, 'source_tensor_count': 182, 'target_tensor_count': 182}",0.1999947875738144,1.900488257408142,0.9998076558113098,simple_plus_depth,ripii,0.6964461207389832,1.7733620405197144,1.3855478763580322,1.6730583906173706,1.546760082244873,ridge fit on train features; scored once on test,research,1.7606773376464844,0.8003843426704407,True,0.1759251356124878,research/results/development/objective_study_v1/runs/simple_plus_depth/seed_701,0.5507307648658752,701,1.7449951171875,70% train / 15% validation / 15% held-out test,0.13366076350212097,0.28116482496261597,0.5450471639633179,1.6369035243988037,0.22350673377513885,0.11628101766109467,54829,54829,0.25,0.5401136875152588,2.007537841796875
"{'projective': True, 'graph': True, 'quantizer': True, 'action': True}",-0.02338216081261635,0.0,0.0,0.0,0.0,-0.011227075010538101,0.0,0.0,0.0,0.1311366707086563,0.0,0.0,0.09652744233608246,0.0,0.34327220916748047,0.02283453941345215,0.5228345394134521,0.6923472881317139,2.498354196548462,0.770713210105896,development_only,1.3201017379760742,0.5063530206680298,0.3357507586479187,1.0913327932357788,0.47368421052631576,0.631578947368421,0.007916959002614021,"{'sha256': 'd02540021f42e257cc62343426917bf56a6c633f91d381205fc4a58f58073ea4', 'compatible_tensor_count': 182, 'source_tensor_count': 182, 'target_tensor_count': 182}",0.9732804894447327,1.8456156253814697,0.9960848093032837,simple_plus_depth,ripii,0.6138578057289124,1.647654414176941,1.3823487758636475,2.7461776733398438,4.050824165344238,ridge fit on train features; scored once on test,research,1.6987261772155762,0.03504699468612671,True,0.15742605924606323,research/results/development/objective_study_v1/runs/simple_plus_depth/seed_809,0.6477833390235901,809,1.9204882383346558,70% train / 15% validation / 15% held-out test,0.16787537932395935,0.37842321395874023,0.5384933352470398,2.498354196548462,0.4410836100578308,0.09652744233608246,54829,54829,0.5625,0.5408475399017334,1.3713802099227905
"{'projective': True, 'graph': True, 'quantizer': True, 'action': True}",-0.02296094223856926,0.0,0.0,0.0,0.0,-0.018782028928399086,0.0,0.0,0.0,0.16133087873458862,0.0,0.0,0.11958789825439453,0.0,0.3208548426628113,0.028953909873962402,0.5289539098739624,0.6926729083061218,2.3194704055786133,0.6352185606956482,development_only,1.4947619438171387,0.37318873405456543,0.6976747512817383,1.002549171447754,0.5789473684210527,0.7368421052631579,0.006806238554418087,"{'sha256': 'b7a2bb59ae1db1663bf7cce19ae7a3599442e0fe0961b2d0d559b6dbe21efa7b', 'compatible_tensor_count': 182, 'source_tensor_count': 182, 'target_tensor_count': 182}",0.5962026715278625,1.0669739246368408,0.993323564529419,simple_plus_depth,ripii,0.5987458825111389,1.6387553215026855,1.3676661252975464,2.5668387413024902,2.9855098724365234,ridge fit on train features; scored once on test,research,1.4425498247146606,0.41600239276885986,True,0.1864795684814453,research/results/development/objective_study_v1/runs/simple_plus_depth/seed_907,0.6445437669754028,907,2.8615880012512207,70% train / 15% validation / 15% held-out test,0.34883737564086914,0.39760535955429077,0.5352945923805237,2.3194704055786133,0.3581753671169281,0.11958789825439453,54829,54829,0.4375,0.5340297818183899,1.2506134510040283
"{'projective': True, 'graph': True, 'quantizer': True, 'action': True}",-0.02523326314985752,0.34616175293922424,0.006780039519071579,-0.025824785232543945,0.03350177779793739,0.0042968615889549255,0.01963968761265278,0.15997622907161713,0.3250563144683838,0.20592260360717773,0.05115896463394165,0.0790569931268692,3.15163254737854,1.9711394309997559,0.15362367033958435,0.01486217975616455,0.5148621797561646,0.6931316256523132,2.1198253631591797,0.4113820791244507,development_only,1.9055811166763306,0.15362367033958435,0.3193807005882263,1.0344452857971191,0.5789473684210527,0.6842105263157895,0.003331760410219431,"{'sha256': '9e7fddc28996d382028711bd861186150e31d9fe1d599276946f3e0810769ce5', 'compatible_tensor_count': 182, 'source_tensor_count': 182, 'target_tensor_count': 182}",0.07239251583814621,2.0860085487365723,0.9997962117195129,base,ripii,0.8892245292663574,1.811927080154419,1.3860496282577515,1.2289893627166748,1.2289893627166748,ridge fit on train features; scored once on test,research,1.7101713418960571,0.9280266165733337,True,0.22021730244159698,research/results/development/objective_study_v1/runs/base/seed_701,0.3758554458618164,701,1.022847056388855,70% train / 15% validation / 15% held-out test,0.15969035029411316,0.4102024435997009,0.5458788871765137,2.1198253631591797,0.03496849164366722,3.15163254737854,54829,54829,0.25,0.5427952408790588,1.9959912300109863
"{'projective': True, 'graph': True, 'quantizer': True, 'action': True}",-0.024430161342024803,0.5156764984130859,0.04905230551958084,-0.024436406791210175,0.033207640051841736,0.004843361675739288,0.014894584193825722,0.15066666901111603,0.26613903045654297,0.237379789352417,0.09557168185710907,0.17001847922801971,3.6103227138519287,2.121739387512207,0.24965384602546692,0.01076480746269226,0.48923519253730774,0.6922361254692078,3.249518632888794,0.6290147304534912,development_only,1.1205636262893677,0.1250000149011612,0.7220737338066101,1.056645393371582,0.2631578947368421,0.7368421052631579,0.010643514804542065,"{'sha256': 'd02540021f42e257cc62343426917bf56a6c633f91d381205fc4a58f58073ea4', 'compatible_tensor_count': 182, 'source_tensor_count': 182, 'target_tensor_count': 182}",0.0711505264043808,1.9680675268173218,0.9947702288627625,base,ripii,0.7777321338653564,1.7131130695343018,1.3830235004425049,1.9972307682037354,1.0000001192092896,ridge fit on train features; scored once on test,research,1.4196374416351318,0.9395604133605957,True,0.2491465061903,research/results/development/objective_study_v1/runs/base/seed_809,0.5875149369239807,809,1.8948255777359009,70% train / 15% validation / 15% held-out test,0.36103686690330505,0.43096035718917847,0.5471019744873047,3.249518632888794,0.21933339536190033,3.6103227138519287,54829,54829,0.1875,0.545024037361145,2.1417880058288574
"{'projective': True, 'graph': True, 'quantizer': True, 'action': True}",-0.022943634539842606,0.33202415704727173,0.06649068742990494,-0.024651983752846718,0.06593766063451767,-0.00265352800488472,0.020202264189720154,0.13973845541477203,0.24465280771255493,0.33410751819610596,0.06845531612634659,0.16182079911231995,3.3213818073272705,1.938201665878296,0.1250000149011612,0.0393824577331543,0.5393824577331543,0.6929126381874084,3.702277898788452,0.3946283459663391,development_only,1.5999717712402344,0.19334499537944794,0.8918575644493103,0.982219398021698,0.5789473684210527,0.631578947368421,0.006016280502080917,"{'sha256': 'b7a2bb59ae1db1663bf7cce19ae7a3599442e0fe0961b2d0d559b6dbe21efa7b', 'compatible_tensor_count': 182, 'source_tensor_count': 182, 'target_tensor_count': 182}",0.11108164489269257,1.3006789684295654,0.9941427111625671,base,ripii,0.8807544708251953,1.6063318252563477,1.3760567903518677,1.0000001192092896,1.5467599630355835,ridge fit on train features; scored once on test,research,1.3148386478424072,0.8995956778526306,True,0.34489312767982483,research/results/development/objective_study_v1/runs/base/seed_907,0.45598503947257996,907,1.8167352676391602,70% train / 15% validation / 15% held-out test,0.44592878222465515,0.4962460994720459,0.5450195074081421,3.702277898788452,0.0283392071723938,3.3213818073272705,54829,54829,0.1875,0.5406246185302734,1.9590950012207031
